student_name,school_name,exam_name,candidate_number,output_file
Johnathan Ragnauth Brigmohan,The New Sapodilla Primary,National Grade Four Reading Assessment,9010690012,johnathan_ragnauth_brigmohan.png
Marsha Marsha Marsha Marsha Marsha,The New Sapodilla School of Excellence,National Grade Four Reading Assessment,9111111111,
Student 2,School 2,National Grade Four Reading Assessment,9222222222,
Stduent 3,School 2,National Grade Four Reading Assessment,9333333333,
Student 4,School 3,National Grade Four Reading Assessment,9444444444,
Student 5,School 4,National Grade Four Reading Assessment,9555555555,
Student 6,School 5,National Grade Four Reading Assessment,9666666666,
Student 7,School 6,National Grade Four Reading Assessment,9777777777,
Student 8,School 7,National Grade Four Reading Assessment,9888888888,
Student 9,School 8,National Grade Four Reading Assessment,9999999999,
Studdent 10,School 9,National Grade Four Reading Assessment,9000000000,
